original_file,extracted_file,part_index,instrument,num_notes,path,is_melodic
AC_DC_-_Back_In_Black.mid,AC_DC_-_Back_In_Black_main_guitar_part0.mid,0,main_guitar,778,prototype\data\processed\monophonic_extracted\AC_DC_-_Back_In_Black_main_guitar_part0.mid,True
AC_DC_-_Back_In_Black.mid,AC_DC_-_Back_In_Black_Electric_Guitar_part1.mid,1,Electric_Guitar,708,prototype\data\processed\monophonic_extracted\AC_DC_-_Back_In_Black_Electric_Guitar_part1.mid,True
AC_DC_-_Back_In_Black.mid,AC_DC_-_Back_In_Black_bass_part2.mid,2,bass,561,prototype\data\processed\monophonic_extracted\AC_DC_-_Back_In_Black_bass_part2.mid,False
AC_DC_-_Back_In_Black.mid,AC_DC_-_Back_In_Black_Sampler_part3.mid,3,Sampler,262,prototype\data\processed\monophonic_extracted\AC_DC_-_Back_In_Black_Sampler_part3.mid,False
AC_DC_-_Back_In_Black.mid,AC_DC_-_Back_In_Black_Electric_Guitar_part4.mid,4,Electric_Guitar,123,prototype\data\processed\monophonic_extracted\AC_DC_-_Back_In_Black_Electric_Guitar_part4.mid,True
AC_DC_-_Back_In_Black.mid,AC_DC_-_Back_In_Black_Electric_Guitar_part5.mid,5,Electric_Guitar,123,prototype\data\processed\monophonic_extracted\AC_DC_-_Back_In_Black_Electric_Guitar_part5.mid,True
AC_DC_-_Back_In_Black.mid,AC_DC_-_Back_In_Black_Percussion_part6.mid,6,Percussion,515,prototype\data\processed\monophonic_extracted\AC_DC_-_Back_In_Black_Percussion_part6.mid,False
AC_DC_-_Back_In_Black.mid,AC_DC_-_Back_In_Black_voc_-bu_part7.mid,7,voc_-bu,265,prototype\data\processed\monophonic_extracted\AC_DC_-_Back_In_Black_voc_-bu_part7.mid,False
AC_DC_-_Dirty_Deeds_Done_Dirt_Cheap.mid,AC_DC_-_Dirty_Deeds_Done_Dirt_Cheap_Electric_Guitar_part0.mid,0,Electric_Guitar,297,prototype\data\processed\monophonic_extracted\AC_DC_-_Dirty_Deeds_Done_Dirt_Cheap_Electric_Guitar_part0.mid,True
AC_DC_-_Dirty_Deeds_Done_Dirt_Cheap.mid,AC_DC_-_Dirty_Deeds_Done_Dirt_Cheap_Electric_Guitar_part1.mid,1,Electric_Guitar,142,prototype\data\processed\monophonic_extracted\AC_DC_-_Dirty_Deeds_Done_Dirt_Cheap_Electric_Guitar_part1.mid,True
AC_DC_-_Dirty_Deeds_Done_Dirt_Cheap.mid,AC_DC_-_Dirty_Deeds_Done_Dirt_Cheap_Bass_part2.mid,2,Bass,776,prototype\data\processed\monophonic_extracted\AC_DC_-_Dirty_Deeds_Done_Dirt_Cheap_Bass_part2.mid,False
AC_DC_-_Dirty_Deeds_Done_Dirt_Cheap.mid,AC_DC_-_Dirty_Deeds_Done_Dirt_Cheap_Percussion_part3.mid,3,Percussion,912,prototype\data\processed\monophonic_extracted\AC_DC_-_Dirty_Deeds_Done_Dirt_Cheap_Percussion_part3.mid,False
AC_DC_-_For_Those_About_to_Rock.mid,AC_DC_-_For_Those_About_to_Rock_Sampler_part0.mid,0,Sampler,391,prototype\data\processed\monophonic_extracted\AC_DC_-_For_Those_About_to_Rock_Sampler_part0.mid,False
AC_DC_-_For_Those_About_to_Rock.mid,AC_DC_-_For_Those_About_to_Rock_Electric_Guitar_part1.mid,1,Electric_Guitar,547,prototype\data\processed\monophonic_extracted\AC_DC_-_For_Those_About_to_Rock_Electric_Guitar_part1.mid,True
AC_DC_-_For_Those_About_to_Rock.mid,AC_DC_-_For_Those_About_to_Rock_Electric_Guitar_part2.mid,2,Electric_Guitar,543,prototype\data\processed\monophonic_extracted\AC_DC_-_For_Those_About_to_Rock_Electric_Guitar_part2.mid,True
AC_DC_-_For_Those_About_to_Rock.mid,AC_DC_-_For_Those_About_to_Rock_Percussion_part3.mid,3,Percussion,808,prototype\data\processed\monophonic_extracted\AC_DC_-_For_Those_About_to_Rock_Percussion_part3.mid,False
AC_DC_-_For_Those_About_to_Rock.mid,AC_DC_-_For_Those_About_to_Rock_bass_part4.mid,4,bass,654,prototype\data\processed\monophonic_extracted\AC_DC_-_For_Those_About_to_Rock_bass_part4.mid,False
AC_DC_-_For_Those_About_to_Rock.mid,AC_DC_-_For_Those_About_to_Rock_Electric_Guitar_part6.mid,6,Electric_Guitar,369,prototype\data\processed\monophonic_extracted\AC_DC_-_For_Those_About_to_Rock_Electric_Guitar_part6.mid,True
AC_DC_-_For_Those_About_to_Rock.mid,AC_DC_-_For_Those_About_to_Rock_Electric_Guitar_part7.mid,7,Electric_Guitar,544,prototype\data\processed\monophonic_extracted\AC_DC_-_For_Those_About_to_Rock_Electric_Guitar_part7.mid,True
AC_DC_-_For_Those_About_to_Rock.mid,AC_DC_-_For_Those_About_to_Rock_Electric_Guitar_part8.mid,8,Electric_Guitar,176,prototype\data\processed\monophonic_extracted\AC_DC_-_For_Those_About_to_Rock_Electric_Guitar_part8.mid,True
AC_DC_-_For_Those_About_to_Rock.mid,AC_DC_-_For_Those_About_to_Rock_Electric_Guitar_part9.mid,9,Electric_Guitar,228,prototype\data\processed\monophonic_extracted\AC_DC_-_For_Those_About_to_Rock_Electric_Guitar_part9.mid,True
AC_DC_-_Hells_Bells.mid,AC_DC_-_Hells_Bells_Sampler_part0.mid,0,Sampler,245,prototype\data\processed\monophonic_extracted\AC_DC_-_Hells_Bells_Sampler_part0.mid,False
AC_DC_-_Hells_Bells.mid,AC_DC_-_Hells_Bells_Electric_Piano_part1.mid,1,Electric_Piano,487,prototype\data\processed\monophonic_extracted\AC_DC_-_Hells_Bells_Electric_Piano_part1.mid,True
AC_DC_-_Hells_Bells.mid,AC_DC_-_Hells_Bells_Piano_part2.mid,2,Piano,111,prototype\data\processed\monophonic_extracted\AC_DC_-_Hells_Bells_Piano_part2.mid,True
AC_DC_-_Hells_Bells.mid,AC_DC_-_Hells_Bells_Electric_Piano_part3.mid,3,Electric_Piano,202,prototype\data\processed\monophonic_extracted\AC_DC_-_Hells_Bells_Electric_Piano_part3.mid,True
AC_DC_-_Hells_Bells.mid,AC_DC_-_Hells_Bells_Electric_Bass_part5.mid,5,Electric_Bass,607,prototype\data\processed\monophonic_extracted\AC_DC_-_Hells_Bells_Electric_Bass_part5.mid,False
AC_DC_-_Hells_Bells.mid,AC_DC_-_Hells_Bells_Electric_Bass_part6.mid,6,Electric_Bass,607,prototype\data\processed\monophonic_extracted\AC_DC_-_Hells_Bells_Electric_Bass_part6.mid,False
AC_DC_-_Hells_Bells.mid,AC_DC_-_Hells_Bells_Percussion_part7.mid,7,Percussion,364,prototype\data\processed\monophonic_extracted\AC_DC_-_Hells_Bells_Percussion_part7.mid,False
AC_DC_-_Hells_Bells.mid,AC_DC_-_Hells_Bells_Percussion_part8.mid,8,Percussion,168,prototype\data\processed\monophonic_extracted\AC_DC_-_Hells_Bells_Percussion_part8.mid,False
AC_DC_-_Hells_Bells.mid,AC_DC_-_Hells_Bells_Percussion_part9.mid,9,Percussion,661,prototype\data\processed\monophonic_extracted\AC_DC_-_Hells_Bells_Percussion_part9.mid,False
AC_DC_-_Hells_Bells.mid,AC_DC_-_Hells_Bells_Clavichord_part10.mid,10,Clavichord,60,prototype\data\processed\monophonic_extracted\AC_DC_-_Hells_Bells_Clavichord_part10.mid,False
AC_DC_-_Who_Made_Who.mid,AC_DC_-_Who_Made_Who_Electric_Guitar_part0.mid,0,Electric_Guitar,190,prototype\data\processed\monophonic_extracted\AC_DC_-_Who_Made_Who_Electric_Guitar_part0.mid,True
AC_DC_-_Who_Made_Who.mid,AC_DC_-_Who_Made_Who_Electric_Guitar_part1.mid,1,Electric_Guitar,602,prototype\data\processed\monophonic_extracted\AC_DC_-_Who_Made_Who_Electric_Guitar_part1.mid,True
AC_DC_-_Who_Made_Who.mid,AC_DC_-_Who_Made_Who_more_rhythm_guitar_part2.mid,2,more_rhythm_guitar,265,prototype\data\processed\monophonic_extracted\AC_DC_-_Who_Made_Who_more_rhythm_guitar_part2.mid,True
AC_DC_-_Who_Made_Who.mid,AC_DC_-_Who_Made_Who_fingered_bass_part3.mid,3,fingered_bass,769,prototype\data\processed\monophonic_extracted\AC_DC_-_Who_Made_Who_fingered_bass_part3.mid,False
AC_DC_-_Who_Made_Who.mid,AC_DC_-_Who_Made_Who_Percussion_part4.mid,4,Percussion,783,prototype\data\processed\monophonic_extracted\AC_DC_-_Who_Made_Who_Percussion_part4.mid,False
Guns_n_Roses_-_Don't_Cry.mid,Guns_n_Roses_-_Don't_Cry_Voice_part1.mid,1,Voice,323,prototype\data\processed\monophonic_extracted\Guns_n_Roses_-_Don't_Cry_Voice_part1.mid,True
Guns_n_Roses_-_Don't_Cry.mid,Guns_n_Roses_-_Don't_Cry_Electric_Guitar_part2.mid,2,Electric_Guitar,695,prototype\data\processed\monophonic_extracted\Guns_n_Roses_-_Don't_Cry_Electric_Guitar_part2.mid,True
Guns_n_Roses_-_Don't_Cry.mid,Guns_n_Roses_-_Don't_Cry_Electric_Guitar_part4.mid,4,Electric_Guitar,459,prototype\data\processed\monophonic_extracted\Guns_n_Roses_-_Don't_Cry_Electric_Guitar_part4.mid,True
Guns_n_Roses_-_Don't_Cry.mid,Guns_n_Roses_-_Don't_Cry_Electric_Guitar_part5.mid,5,Electric_Guitar,117,prototype\data\processed\monophonic_extracted\Guns_n_Roses_-_Don't_Cry_Electric_Guitar_part5.mid,True
Guns_n_Roses_-_Don't_Cry.mid,Guns_n_Roses_-_Don't_Cry_Gtr._V_part6.mid,6,Gtr._V,114,prototype\data\processed\monophonic_extracted\Guns_n_Roses_-_Don't_Cry_Gtr._V_part6.mid,False
Guns_n_Roses_-_Don't_Cry.mid,Guns_n_Roses_-_Don't_Cry_Baritone_Saxophone_part7.mid,7,Baritone_Saxophone,229,prototype\data\processed\monophonic_extracted\Guns_n_Roses_-_Don't_Cry_Baritone_Saxophone_part7.mid,True
Guns_n_Roses_-_Don't_Cry.mid,Guns_n_Roses_-_Don't_Cry_Bass_part8.mid,8,Bass,367,prototype\data\processed\monophonic_extracted\Guns_n_Roses_-_Don't_Cry_Bass_part8.mid,False
Guns_n_Roses_-_Live_and_Let_Die.mid,Guns_n_Roses_-_Live_and_Let_Die_Timpani_part0.mid,0,Timpani,142,prototype\data\processed\monophonic_extracted\Guns_n_Roses_-_Live_and_Let_Die_Timpani_part0.mid,False
Guns_n_Roses_-_Live_and_Let_Die.mid,Guns_n_Roses_-_Live_and_Let_Die_Elec_Gtr_2_part1.mid,1,Elec_Gtr_2,351,prototype\data\processed\monophonic_extracted\Guns_n_Roses_-_Live_and_Let_Die_Elec_Gtr_2_part1.mid,False
Guns_n_Roses_-_Live_and_Let_Die.mid,Guns_n_Roses_-_Live_and_Let_Die_Syn_Bass_3_part2.mid,2,Syn_Bass_3,230,prototype\data\processed\monophonic_extracted\Guns_n_Roses_-_Live_and_Let_Die_Syn_Bass_3_part2.mid,False
Guns_n_Roses_-_Live_and_Let_Die.mid,Guns_n_Roses_-_Live_and_Let_Die_StringInstrument_part4.mid,4,StringInstrument,68,prototype\data\processed\monophonic_extracted\Guns_n_Roses_-_Live_and_Let_Die_StringInstrument_part4.mid,False
Guns_n_Roses_-_Live_and_Let_Die.mid,Guns_n_Roses_-_Live_and_Let_Die_Echo_Pan_part5.mid,5,Echo_Pan,71,prototype\data\processed\monophonic_extracted\Guns_n_Roses_-_Live_and_Let_Die_Echo_Pan_part5.mid,False
Guns_n_Roses_-_Live_and_Let_Die.mid,Guns_n_Roses_-_Live_and_Let_Die_Sax_1_part6.mid,6,Sax_1,144,prototype\data\processed\monophonic_extracted\Guns_n_Roses_-_Live_and_Let_Die_Sax_1_part6.mid,False
Guns_n_Roses_-_Live_and_Let_Die.mid,Guns_n_Roses_-_Live_and_Let_Die_Percussion_part7.mid,7,Percussion,210,prototype\data\processed\monophonic_extracted\Guns_n_Roses_-_Live_and_Let_Die_Percussion_part7.mid,False
Guns_n_Roses_-_Nightrain.mid,Guns_n_Roses_-_Nightrain_Fretless_Bass_part0.mid,0,Fretless_Bass,787,prototype\data\processed\monophonic_extracted\Guns_n_Roses_-_Nightrain_Fretless_Bass_part0.mid,False
Guns_n_Roses_-_Nightrain.mid,Guns_n_Roses_-_Nightrain_Electric_Guitar_part1.mid,1,Electric_Guitar,642,prototype\data\processed\monophonic_extracted\Guns_n_Roses_-_Nightrain_Electric_Guitar_part1.mid,True
Guns_n_Roses_-_Nightrain.mid,Guns_n_Roses_-_Nightrain_Electric_Guitar_part2.mid,2,Electric_Guitar,164,prototype\data\processed\monophonic_extracted\Guns_n_Roses_-_Nightrain_Electric_Guitar_part2.mid,True
Guns_n_Roses_-_Nightrain.mid,Guns_n_Roses_-_Nightrain_Trumpet_part3.mid,3,Trumpet,353,prototype\data\processed\monophonic_extracted\Guns_n_Roses_-_Nightrain_Trumpet_part3.mid,True
Guns_n_Roses_-_Nightrain.mid,Guns_n_Roses_-_Nightrain_Electric_Guitar_part4.mid,4,Electric_Guitar,423,prototype\data\processed\monophonic_extracted\Guns_n_Roses_-_Nightrain_Electric_Guitar_part4.mid,True
Guns_n_Roses_-_November_Rain.mid,Guns_n_Roses_-_November_Rain_Axl_Rose_-Piano-_part0.mid,0,Axl_Rose_-Piano-,986,prototype\data\processed\monophonic_extracted\Guns_n_Roses_-_November_Rain_Axl_Rose_-Piano-_part0.mid,True
Guns_n_Roses_-_November_Rain.mid,Guns_n_Roses_-_November_Rain_Harmonica_part1.mid,1,Harmonica,603,prototype\data\processed\monophonic_extracted\Guns_n_Roses_-_November_Rain_Harmonica_part1.mid,False
Guns_n_Roses_-_November_Rain.mid,Guns_n_Roses_-_November_Rain_StringInstrument_part2.mid,2,StringInstrument,215,prototype\data\processed\monophonic_extracted\Guns_n_Roses_-_November_Rain_StringInstrument_part2.mid,False
Guns_n_Roses_-_November_Rain.mid,Guns_n_Roses_-_November_Rain_Electric_Guitar_part3.mid,3,Electric_Guitar,528,prototype\data\processed\monophonic_extracted\Guns_n_Roses_-_November_Rain_Electric_Guitar_part3.mid,True
Guns_n_Roses_-_November_Rain.mid,Guns_n_Roses_-_November_Rain_Accordion_part5.mid,5,Accordion,154,prototype\data\processed\monophonic_extracted\Guns_n_Roses_-_November_Rain_Accordion_part5.mid,False
Guns_n_Roses_-_November_Rain.mid,Guns_n_Roses_-_November_Rain_Matt_-Percussion-_part6.mid,6,Matt_-Percussion-,974,prototype\data\processed\monophonic_extracted\Guns_n_Roses_-_November_Rain_Matt_-Percussion-_part6.mid,False
Guns_n_Roses_-_Sweet_Child_O_Mine.mid,Guns_n_Roses_-_Sweet_Child_O_Mine_Lead_Guitar_part0.mid,0,Lead_Guitar,671,prototype\data\processed\monophonic_extracted\Guns_n_Roses_-_Sweet_Child_O_Mine_Lead_Guitar_part0.mid,True
Guns_n_Roses_-_Sweet_Child_O_Mine.mid,Guns_n_Roses_-_Sweet_Child_O_Mine_Electric_Guitar_part1.mid,1,Electric_Guitar,671,prototype\data\processed\monophonic_extracted\Guns_n_Roses_-_Sweet_Child_O_Mine_Electric_Guitar_part1.mid,True
Guns_n_Roses_-_Sweet_Child_O_Mine.mid,Guns_n_Roses_-_Sweet_Child_O_Mine_Rhthym_Guitar_Dist_part4.mid,4,Rhthym_Guitar_Dist,750,prototype\data\processed\monophonic_extracted\Guns_n_Roses_-_Sweet_Child_O_Mine_Rhthym_Guitar_Dist_part4.mid,True
Guns_n_Roses_-_Sweet_Child_O_Mine.mid,Guns_n_Roses_-_Sweet_Child_O_Mine_Acoustic_Guitar_part6.mid,6,Acoustic_Guitar,441,prototype\data\processed\monophonic_extracted\Guns_n_Roses_-_Sweet_Child_O_Mine_Acoustic_Guitar_part6.mid,True
Guns_n_Roses_-_Sweet_Child_O_Mine.mid,Guns_n_Roses_-_Sweet_Child_O_Mine_Rhthym_Guitar_Clean_&_Dist_part7.mid,7,Rhthym_Guitar_Clean_&_Dist,554,prototype\data\processed\monophonic_extracted\Guns_n_Roses_-_Sweet_Child_O_Mine_Rhthym_Guitar_Clean_&_Dist_part7.mid,True
Guns_n_Roses_-_Sweet_Child_O_Mine.mid,Guns_n_Roses_-_Sweet_Child_O_Mine_Bass_part13.mid,13,Bass,912,prototype\data\processed\monophonic_extracted\Guns_n_Roses_-_Sweet_Child_O_Mine_Bass_part13.mid,False
Guns_n_Roses_-_Sweet_Child_O_Mine.mid,Guns_n_Roses_-_Sweet_Child_O_Mine_Percussion_part14.mid,14,Percussion,1169,prototype\data\processed\monophonic_extracted\Guns_n_Roses_-_Sweet_Child_O_Mine_Percussion_part14.mid,False
Guns_n_Roses_-_Welcome_to_the_Jungle.mid,Guns_n_Roses_-_Welcome_to_the_Jungle_Electric_Guitar_part0.mid,0,Electric_Guitar,145,prototype\data\processed\monophonic_extracted\Guns_n_Roses_-_Welcome_to_the_Jungle_Electric_Guitar_part0.mid,True
Guns_n_Roses_-_Welcome_to_the_Jungle.mid,Guns_n_Roses_-_Welcome_to_the_Jungle_Electric_Guitar_part1.mid,1,Electric_Guitar,162,prototype\data\processed\monophonic_extracted\Guns_n_Roses_-_Welcome_to_the_Jungle_Electric_Guitar_part1.mid,True
Guns_n_Roses_-_Welcome_to_the_Jungle.mid,Guns_n_Roses_-_Welcome_to_the_Jungle_Electric_Guitar_part2.mid,2,Electric_Guitar,152,prototype\data\processed\monophonic_extracted\Guns_n_Roses_-_Welcome_to_the_Jungle_Electric_Guitar_part2.mid,True
Guns_n_Roses_-_Welcome_to_the_Jungle.mid,Guns_n_Roses_-_Welcome_to_the_Jungle_Percussion_part3.mid,3,Percussion,885,prototype\data\processed\monophonic_extracted\Guns_n_Roses_-_Welcome_to_the_Jungle_Percussion_part3.mid,False
Guns_n_Roses_-_Welcome_to_the_Jungle.mid,Guns_n_Roses_-_Welcome_to_the_Jungle_Electric_Bass_part4.mid,4,Electric_Bass,969,prototype\data\processed\monophonic_extracted\Guns_n_Roses_-_Welcome_to_the_Jungle_Electric_Bass_part4.mid,False
Guns_n_Roses_-_Welcome_to_the_Jungle.mid,Guns_n_Roses_-_Welcome_to_the_Jungle_Electric_Guitar_part5.mid,5,Electric_Guitar,838,prototype\data\processed\monophonic_extracted\Guns_n_Roses_-_Welcome_to_the_Jungle_Electric_Guitar_part5.mid,True
Guns_n_Roses_-_Welcome_to_the_Jungle.mid,Guns_n_Roses_-_Welcome_to_the_Jungle_Electric_Guitar_part6.mid,6,Electric_Guitar,838,prototype\data\processed\monophonic_extracted\Guns_n_Roses_-_Welcome_to_the_Jungle_Electric_Guitar_part6.mid,True
Guns_n_Roses_-_Welcome_to_the_Jungle.mid,Guns_n_Roses_-_Welcome_to_the_Jungle_Electric_Guitar_part7.mid,7,Electric_Guitar,183,prototype\data\processed\monophonic_extracted\Guns_n_Roses_-_Welcome_to_the_Jungle_Electric_Guitar_part7.mid,True
Guns_n_Roses_-_Welcome_to_the_Jungle.mid,Guns_n_Roses_-_Welcome_to_the_Jungle_Electric_Guitar_part8.mid,8,Electric_Guitar,184,prototype\data\processed\monophonic_extracted\Guns_n_Roses_-_Welcome_to_the_Jungle_Electric_Guitar_part8.mid,True
Guns_n_Roses_-_Welcome_to_the_Jungle.mid,Guns_n_Roses_-_Welcome_to_the_Jungle_Sampler_part9.mid,9,Sampler,456,prototype\data\processed\monophonic_extracted\Guns_n_Roses_-_Welcome_to_the_Jungle_Sampler_part9.mid,False
Guns_n_Roses_-_Welcome_to_the_Jungle.mid,Guns_n_Roses_-_Welcome_to_the_Jungle_Choir_part10.mid,10,Choir,56,prototype\data\processed\monophonic_extracted\Guns_n_Roses_-_Welcome_to_the_Jungle_Choir_part10.mid,False
Guns_n_Roses_-_Welcome_to_the_Jungle.mid,Guns_n_Roses_-_Welcome_to_the_Jungle_Choir_part11.mid,11,Choir,56,prototype\data\processed\monophonic_extracted\Guns_n_Roses_-_Welcome_to_the_Jungle_Choir_part11.mid,False
Guns_n_Roses_-_You_Could_Be_Mine.mid,Guns_n_Roses_-_You_Could_Be_Mine_Electric_Guitar_part0.mid,0,Electric_Guitar,774,prototype\data\processed\monophonic_extracted\Guns_n_Roses_-_You_Could_Be_Mine_Electric_Guitar_part0.mid,True
Guns_n_Roses_-_You_Could_Be_Mine.mid,Guns_n_Roses_-_You_Could_Be_Mine_Electric_Guitar_part1.mid,1,Electric_Guitar,344,prototype\data\processed\monophonic_extracted\Guns_n_Roses_-_You_Could_Be_Mine_Electric_Guitar_part1.mid,True
Guns_n_Roses_-_You_Could_Be_Mine.mid,Guns_n_Roses_-_You_Could_Be_Mine_Electric_Guitar_part2.mid,2,Electric_Guitar,851,prototype\data\processed\monophonic_extracted\Guns_n_Roses_-_You_Could_Be_Mine_Electric_Guitar_part2.mid,True
Guns_n_Roses_-_You_Could_Be_Mine.mid,Guns_n_Roses_-_You_Could_Be_Mine_Electric_Bass_part3.mid,3,Electric_Bass,1671,prototype\data\processed\monophonic_extracted\Guns_n_Roses_-_You_Could_Be_Mine_Electric_Bass_part3.mid,False
Guns_n_Roses_-_You_Could_Be_Mine.mid,Guns_n_Roses_-_You_Could_Be_Mine_part_4_part4.mid,4,part_4,1563,prototype\data\processed\monophonic_extracted\Guns_n_Roses_-_You_Could_Be_Mine_part_4_part4.mid,False
Guns_n_Roses_-_You_Could_Be_Mine.mid,Guns_n_Roses_-_You_Could_Be_Mine_Electric_Guitar_part5.mid,5,Electric_Guitar,448,prototype\data\processed\monophonic_extracted\Guns_n_Roses_-_You_Could_Be_Mine_Electric_Guitar_part5.mid,True
Guns_n_Roses_-_You_Could_Be_Mine.mid,Guns_n_Roses_-_You_Could_Be_Mine_Sampler_part6.mid,6,Sampler,160,prototype\data\processed\monophonic_extracted\Guns_n_Roses_-_You_Could_Be_Mine_Sampler_part6.mid,False
Limp_Bizkit_-_Stuck.mid,Limp_Bizkit_-_Stuck_Electric_Bass_part0.mid,0,Electric_Bass,932,prototype\data\processed\monophonic_extracted\Limp_Bizkit_-_Stuck_Electric_Bass_part0.mid,False
Limp_Bizkit_-_Stuck.mid,Limp_Bizkit_-_Stuck_part_1_part1.mid,1,part_1,1335,prototype\data\processed\monophonic_extracted\Limp_Bizkit_-_Stuck_part_1_part1.mid,False
Limp_Bizkit_-_Stuck.mid,Limp_Bizkit_-_Stuck_Electric_Guitar_part2.mid,2,Electric_Guitar,598,prototype\data\processed\monophonic_extracted\Limp_Bizkit_-_Stuck_Electric_Guitar_part2.mid,True
Nirvana_-_About_A_Girl.mid,Nirvana_-_About_A_Girl_Kurdt_Kobain_-Guitar_Ryth_part0.mid,0,Kurdt_Kobain_-Guitar_Ryth,614,prototype\data\processed\monophonic_extracted\Nirvana_-_About_A_Girl_Kurdt_Kobain_-Guitar_Ryth_part0.mid,True
Nirvana_-_About_A_Girl.mid,Nirvana_-_About_A_Girl_Chris_Novoselic_-Bass-_part1.mid,1,Chris_Novoselic_-Bass-,556,prototype\data\processed\monophonic_extracted\Nirvana_-_About_A_Girl_Chris_Novoselic_-Bass-_part1.mid,False
Nirvana_-_About_A_Girl.mid,Nirvana_-_About_A_Girl_Percussion_part2.mid,2,Percussion,767,prototype\data\processed\monophonic_extracted\Nirvana_-_About_A_Girl_Percussion_part2.mid,False
Nirvana_-_About_A_Girl.mid,Nirvana_-_About_A_Girl_Brass_part3.mid,3,Brass,255,prototype\data\processed\monophonic_extracted\Nirvana_-_About_A_Girl_Brass_part3.mid,False
Nirvana_-_About_A_Girl.mid,Nirvana_-_About_A_Girl_Kurdt_Kobain_-Lead_Guitar-_part4.mid,4,Kurdt_Kobain_-Lead_Guitar-,128,prototype\data\processed\monophonic_extracted\Nirvana_-_About_A_Girl_Kurdt_Kobain_-Lead_Guitar-_part4.mid,True
Nirvana_-_About_A_Girl.mid,Nirvana_-_About_A_Girl_Electric_Guitar_part5.mid,5,Electric_Guitar,614,prototype\data\processed\monophonic_extracted\Nirvana_-_About_A_Girl_Electric_Guitar_part5.mid,True
Nirvana_-_Breed.mid,Nirvana_-_Breed_Electric_Guitar_part0.mid,0,Electric_Guitar,745,prototype\data\processed\monophonic_extracted\Nirvana_-_Breed_Electric_Guitar_part0.mid,True
Nirvana_-_Breed.mid,Nirvana_-_Breed_Electric_Guitar_part1.mid,1,Electric_Guitar,309,prototype\data\processed\monophonic_extracted\Nirvana_-_Breed_Electric_Guitar_part1.mid,True
Nirvana_-_Breed.mid,Nirvana_-_Breed_Electric_Bass_part2.mid,2,Electric_Bass,649,prototype\data\processed\monophonic_extracted\Nirvana_-_Breed_Electric_Bass_part2.mid,False
Nirvana_-_Breed.mid,Nirvana_-_Breed_Percussion_part3.mid,3,Percussion,962,prototype\data\processed\monophonic_extracted\Nirvana_-_Breed_Percussion_part3.mid,False
Nirvana_-_Come_As_You_Are.mid,Nirvana_-_Come_As_You_Are_Percussion_part0.mid,0,Percussion,919,prototype\data\processed\monophonic_extracted\Nirvana_-_Come_As_You_Are_Percussion_part0.mid,False
Nirvana_-_Come_As_You_Are.mid,Nirvana_-_Come_As_You_Are_Baritone_Saxophone_part1.mid,1,Baritone_Saxophone,274,prototype\data\processed\monophonic_extracted\Nirvana_-_Come_As_You_Are_Baritone_Saxophone_part1.mid,True
Nirvana_-_Come_As_You_Are.mid,Nirvana_-_Come_As_You_Are_Electric_Guitar_part2.mid,2,Electric_Guitar,725,prototype\data\processed\monophonic_extracted\Nirvana_-_Come_As_You_Are_Electric_Guitar_part2.mid,True
Nirvana_-_Come_As_You_Are.mid,Nirvana_-_Come_As_You_Are_Electric_Guitar_part3.mid,3,Electric_Guitar,167,prototype\data\processed\monophonic_extracted\Nirvana_-_Come_As_You_Are_Electric_Guitar_part3.mid,True
Nirvana_-_Come_As_You_Are.mid,Nirvana_-_Come_As_You_Are_Electric_Bass_part4.mid,4,Electric_Bass,688,prototype\data\processed\monophonic_extracted\Nirvana_-_Come_As_You_Are_Electric_Bass_part4.mid,False
Nirvana_-_In_Bloom.mid,Nirvana_-_In_Bloom_guitar_1-_Kurt_part0.mid,0,guitar_1-_Kurt,800,prototype\data\processed\monophonic_extracted\Nirvana_-_In_Bloom_guitar_1-_Kurt_part0.mid,True
Nirvana_-_In_Bloom.mid,Nirvana_-_In_Bloom_Percussion_part1.mid,1,Percussion,1134,prototype\data\processed\monophonic_extracted\Nirvana_-_In_Bloom_Percussion_part1.mid,False
Nirvana_-_In_Bloom.mid,Nirvana_-_In_Bloom_bass-_Krist_part2.mid,2,bass-_Krist,975,prototype\data\processed\monophonic_extracted\Nirvana_-_In_Bloom_bass-_Krist_part2.mid,False
Nirvana_-_In_Bloom.mid,Nirvana_-_In_Bloom_Electric_Guitar_part3.mid,3,Electric_Guitar,312,prototype\data\processed\monophonic_extracted\Nirvana_-_In_Bloom_Electric_Guitar_part3.mid,True
Nirvana_-_Lithium.mid,Nirvana_-_Lithium_guitar_1-_Kurt_part0.mid,0,guitar_1-_Kurt,341,prototype\data\processed\monophonic_extracted\Nirvana_-_Lithium_guitar_1-_Kurt_part0.mid,True
Nirvana_-_Lithium.mid,Nirvana_-_Lithium_guitar_2-_Kurt_part1.mid,1,guitar_2-_Kurt,485,prototype\data\processed\monophonic_extracted\Nirvana_-_Lithium_guitar_2-_Kurt_part1.mid,True
Nirvana_-_Lithium.mid,Nirvana_-_Lithium_Electric_Guitar_part2.mid,2,Electric_Guitar,462,prototype\data\processed\monophonic_extracted\Nirvana_-_Lithium_Electric_Guitar_part2.mid,True
Nirvana_-_Lithium.mid,Nirvana_-_Lithium_Percussion_part3.mid,3,Percussion,950,prototype\data\processed\monophonic_extracted\Nirvana_-_Lithium_Percussion_part3.mid,False
Nirvana_-_Lithium.mid,Nirvana_-_Lithium_bass-_Krist_part4.mid,4,bass-_Krist,645,prototype\data\processed\monophonic_extracted\Nirvana_-_Lithium_bass-_Krist_part4.mid,False
Nirvana_-_Paper_Cuts.mid,Nirvana_-_Paper_Cuts_Electric_Guitar_part0.mid,0,Electric_Guitar,634,prototype\data\processed\monophonic_extracted\Nirvana_-_Paper_Cuts_Electric_Guitar_part0.mid,True
Nirvana_-_Paper_Cuts.mid,Nirvana_-_Paper_Cuts_Electric_Guitar_part1.mid,1,Electric_Guitar,277,prototype\data\processed\monophonic_extracted\Nirvana_-_Paper_Cuts_Electric_Guitar_part1.mid,True
Nirvana_-_Paper_Cuts.mid,Nirvana_-_Paper_Cuts_Percussion_part2.mid,2,Percussion,815,prototype\data\processed\monophonic_extracted\Nirvana_-_Paper_Cuts_Percussion_part2.mid,False
Nirvana_-_Paper_Cuts.mid,Nirvana_-_Paper_Cuts_Electric_Bass_part3.mid,3,Electric_Bass,634,prototype\data\processed\monophonic_extracted\Nirvana_-_Paper_Cuts_Electric_Bass_part3.mid,False
Nirvana_-_School.mid,Nirvana_-_School_Electric_Guitar_part0.mid,0,Electric_Guitar,481,prototype\data\processed\monophonic_extracted\Nirvana_-_School_Electric_Guitar_part0.mid,True
Nirvana_-_School.mid,Nirvana_-_School_Electric_Guitar_part1.mid,1,Electric_Guitar,240,prototype\data\processed\monophonic_extracted\Nirvana_-_School_Electric_Guitar_part1.mid,True
Nirvana_-_School.mid,Nirvana_-_School_Percussion_part2.mid,2,Percussion,846,prototype\data\processed\monophonic_extracted\Nirvana_-_School_Percussion_part2.mid,False
Nirvana_-_School.mid,Nirvana_-_School_Electric_Bass_part3.mid,3,Electric_Bass,582,prototype\data\processed\monophonic_extracted\Nirvana_-_School_Electric_Bass_part3.mid,False
Nirvana_-_Scoff.mid,Nirvana_-_Scoff_Electric_Guitar_part0.mid,0,Electric_Guitar,786,prototype\data\processed\monophonic_extracted\Nirvana_-_Scoff_Electric_Guitar_part0.mid,True
Nirvana_-_Scoff.mid,Nirvana_-_Scoff_Electric_Guitar_part1.mid,1,Electric_Guitar,320,prototype\data\processed\monophonic_extracted\Nirvana_-_Scoff_Electric_Guitar_part1.mid,True
Nirvana_-_Scoff.mid,Nirvana_-_Scoff_Percussion_part2.mid,2,Percussion,1307,prototype\data\processed\monophonic_extracted\Nirvana_-_Scoff_Percussion_part2.mid,False
Nirvana_-_Scoff.mid,Nirvana_-_Scoff_Electric_Bass_part3.mid,3,Electric_Bass,850,prototype\data\processed\monophonic_extracted\Nirvana_-_Scoff_Electric_Bass_part3.mid,False
Nirvana_-_Sifting.mid,Nirvana_-_Sifting_Choir_part0.mid,0,Choir,274,prototype\data\processed\monophonic_extracted\Nirvana_-_Sifting_Choir_part0.mid,False
Nirvana_-_Sifting.mid,Nirvana_-_Sifting_Kurt_Cobain_-Dist_Guitar-_part1.mid,1,Kurt_Cobain_-Dist_Guitar-,682,prototype\data\processed\monophonic_extracted\Nirvana_-_Sifting_Kurt_Cobain_-Dist_Guitar-_part1.mid,True
Nirvana_-_Sifting.mid,Nirvana_-_Sifting_Chris_Novoselic_-Bass-_part2.mid,2,Chris_Novoselic_-Bass-,678,prototype\data\processed\monophonic_extracted\Nirvana_-_Sifting_Chris_Novoselic_-Bass-_part2.mid,False
Nirvana_-_Sifting.mid,Nirvana_-_Sifting_Percussion_part3.mid,3,Percussion,1103,prototype\data\processed\monophonic_extracted\Nirvana_-_Sifting_Percussion_part3.mid,False
Nirvana_-_Something_In_The_Way.mid,Nirvana_-_Something_In_The_Way_guitar_1_part0.mid,0,guitar_1,280,prototype\data\processed\monophonic_extracted\Nirvana_-_Something_In_The_Way_guitar_1_part0.mid,True
Nirvana_-_Something_In_The_Way.mid,Nirvana_-_Something_In_The_Way_Clarinet_part1.mid,1,Clarinet,212,prototype\data\processed\monophonic_extracted\Nirvana_-_Something_In_The_Way_Clarinet_part1.mid,True
Nirvana_-_Something_In_The_Way.mid,Nirvana_-_Something_In_The_Way_Percussion_part2.mid,2,Percussion,312,prototype\data\processed\monophonic_extracted\Nirvana_-_Something_In_The_Way_Percussion_part2.mid,False
Nirvana_-_Something_In_The_Way.mid,Nirvana_-_Something_In_The_Way_bass_part3.mid,3,bass,220,prototype\data\processed\monophonic_extracted\Nirvana_-_Something_In_The_Way_bass_part3.mid,False
Nirvana_-_Something_In_The_Way.mid,Nirvana_-_Something_In_The_Way_guitar_2_part4.mid,4,guitar_2,116,prototype\data\processed\monophonic_extracted\Nirvana_-_Something_In_The_Way_guitar_2_part4.mid,True
Nirvana_-_Something_In_The_Way.mid,Nirvana_-_Something_In_The_Way_guitar_3_part5.mid,5,guitar_3,150,prototype\data\processed\monophonic_extracted\Nirvana_-_Something_In_The_Way_guitar_3_part5.mid,True
Nirvana_-_Something_In_The_Way.mid,Nirvana_-_Something_In_The_Way_cello_part6.mid,6,cello,58,prototype\data\processed\monophonic_extracted\Nirvana_-_Something_In_The_Way_cello_part6.mid,False
Nirvana_-_Stay_Away.mid,Nirvana_-_Stay_Away_Electric_Bass_part0.mid,0,Electric_Bass,973,prototype\data\processed\monophonic_extracted\Nirvana_-_Stay_Away_Electric_Bass_part0.mid,False
Nirvana_-_Stay_Away.mid,Nirvana_-_Stay_Away_Electric_Guitar_part1.mid,1,Electric_Guitar,733,prototype\data\processed\monophonic_extracted\Nirvana_-_Stay_Away_Electric_Guitar_part1.mid,True
Nirvana_-_Stay_Away.mid,Nirvana_-_Stay_Away_Percussion_part2.mid,2,Percussion,1773,prototype\data\processed\monophonic_extracted\Nirvana_-_Stay_Away_Percussion_part2.mid,False
Nirvana_-_Stay_Away.mid,Nirvana_-_Stay_Away_Sampler_part3.mid,3,Sampler,314,prototype\data\processed\monophonic_extracted\Nirvana_-_Stay_Away_Sampler_part3.mid,False
Nirvana_-_Stay_Away.mid,Nirvana_-_Stay_Away_Sampler_part4.mid,4,Sampler,354,prototype\data\processed\monophonic_extracted\Nirvana_-_Stay_Away_Sampler_part4.mid,False
Queen_-_Another_One_Bites_the_Dust.mid,Queen_-_Another_One_Bites_the_Dust_Electric_Organ_part0.mid,0,Electric_Organ,352,prototype\data\processed\monophonic_extracted\Queen_-_Another_One_Bites_the_Dust_Electric_Organ_part0.mid,False
Queen_-_Another_One_Bites_the_Dust.mid,Queen_-_Another_One_Bites_the_Dust_Guitar_part1.mid,1,Guitar,141,prototype\data\processed\monophonic_extracted\Queen_-_Another_One_Bites_the_Dust_Guitar_part1.mid,True
Queen_-_Another_One_Bites_the_Dust.mid,Queen_-_Another_One_Bites_the_Dust_Bass_part2.mid,2,Bass,377,prototype\data\processed\monophonic_extracted\Queen_-_Another_One_Bites_the_Dust_Bass_part2.mid,False
Queen_-_Another_One_Bites_the_Dust.mid,Queen_-_Another_One_Bites_the_Dust_Overdriven_Guitar_part3.mid,3,Overdriven_Guitar,108,prototype\data\processed\monophonic_extracted\Queen_-_Another_One_Bites_the_Dust_Overdriven_Guitar_part3.mid,True
Queen_-_Another_One_Bites_the_Dust.mid,Queen_-_Another_One_Bites_the_Dust_Brass_part5.mid,5,Brass,168,prototype\data\processed\monophonic_extracted\Queen_-_Another_One_Bites_the_Dust_Brass_part5.mid,False
Queen_-_Another_One_Bites_the_Dust.mid,Queen_-_Another_One_Bites_the_Dust_Percussion_part10.mid,10,Percussion,695,prototype\data\processed\monophonic_extracted\Queen_-_Another_One_Bites_the_Dust_Percussion_part10.mid,False
Queen_-_Bicycle_Race.mid,Queen_-_Bicycle_Race_PIANO_part0.mid,0,PIANO,615,prototype\data\processed\monophonic_extracted\Queen_-_Bicycle_Race_PIANO_part0.mid,True
Queen_-_Bicycle_Race.mid,Queen_-_Bicycle_Race_BASS_part1.mid,1,BASS,442,prototype\data\processed\monophonic_extracted\Queen_-_Bicycle_Race_BASS_part1.mid,False
Queen_-_Bicycle_Race.mid,Queen_-_Bicycle_Race_Electric_Guitar_part2.mid,2,Electric_Guitar,143,prototype\data\processed\monophonic_extracted\Queen_-_Bicycle_Race_Electric_Guitar_part2.mid,True
Queen_-_Bicycle_Race.mid,Queen_-_Bicycle_Race_Electric_Guitar_part3.mid,3,Electric_Guitar,147,prototype\data\processed\monophonic_extracted\Queen_-_Bicycle_Race_Electric_Guitar_part3.mid,True
Queen_-_Bicycle_Race.mid,Queen_-_Bicycle_Race_Glockenspiel_part6.mid,6,Glockenspiel,74,prototype\data\processed\monophonic_extracted\Queen_-_Bicycle_Race_Glockenspiel_part6.mid,False
Queen_-_Bicycle_Race.mid,Queen_-_Bicycle_Race_Glockenspiel_part7.mid,7,Glockenspiel,58,prototype\data\processed\monophonic_extracted\Queen_-_Bicycle_Race_Glockenspiel_part7.mid,False
Queen_-_Bicycle_Race.mid,Queen_-_Bicycle_Race_Glockenspiel_part8.mid,8,Glockenspiel,95,prototype\data\processed\monophonic_extracted\Queen_-_Bicycle_Race_Glockenspiel_part8.mid,False
Queen_-_Bicycle_Race.mid,Queen_-_Bicycle_Race_Percussion_part9.mid,9,Percussion,566,prototype\data\processed\monophonic_extracted\Queen_-_Bicycle_Race_Percussion_part9.mid,False
Queen_-_Bicycle_Race.mid,Queen_-_Bicycle_Race_Sampler_part12.mid,12,Sampler,240,prototype\data\processed\monophonic_extracted\Queen_-_Bicycle_Race_Sampler_part12.mid,False
Queen_-_Bicycle_Race.mid,Queen_-_Bicycle_Race_Sampler_part13.mid,13,Sampler,104,prototype\data\processed\monophonic_extracted\Queen_-_Bicycle_Race_Sampler_part13.mid,False
Queen_-_Bicycle_Race.mid,Queen_-_Bicycle_Race_Sampler_part14.mid,14,Sampler,122,prototype\data\processed\monophonic_extracted\Queen_-_Bicycle_Race_Sampler_part14.mid,False
Queen_-_Bicycle_Race.mid,Queen_-_Bicycle_Race_Sampler_part15.mid,15,Sampler,119,prototype\data\processed\monophonic_extracted\Queen_-_Bicycle_Race_Sampler_part15.mid,False
Queen_-_Bohemian_Rhapsody.mid,Queen_-_Bohemian_Rhapsody_Horn_part0.mid,0,Horn,160,prototype\data\processed\monophonic_extracted\Queen_-_Bohemian_Rhapsody_Horn_part0.mid,False
Queen_-_Bohemian_Rhapsody.mid,Queen_-_Bohemian_Rhapsody_Alto_Saxophone_part1.mid,1,Alto_Saxophone,156,prototype\data\processed\monophonic_extracted\Queen_-_Bohemian_Rhapsody_Alto_Saxophone_part1.mid,True
Queen_-_Bohemian_Rhapsody.mid,Queen_-_Bohemian_Rhapsody_Piano_part2.mid,2,Piano,1163,prototype\data\processed\monophonic_extracted\Queen_-_Bohemian_Rhapsody_Piano_part2.mid,True
Queen_-_Bohemian_Rhapsody.mid,Queen_-_Bohemian_Rhapsody_Electric_Bass_part3.mid,3,Electric_Bass,489,prototype\data\processed\monophonic_extracted\Queen_-_Bohemian_Rhapsody_Electric_Bass_part3.mid,False
Queen_-_Bohemian_Rhapsody.mid,Queen_-_Bohemian_Rhapsody_StringInstrument_part4.mid,4,StringInstrument,418,prototype\data\processed\monophonic_extracted\Queen_-_Bohemian_Rhapsody_StringInstrument_part4.mid,False
Queen_-_Bohemian_Rhapsody.mid,Queen_-_Bohemian_Rhapsody_Choir_part5.mid,5,Choir,136,prototype\data\processed\monophonic_extracted\Queen_-_Bohemian_Rhapsody_Choir_part5.mid,False
Queen_-_Bohemian_Rhapsody.mid,Queen_-_Bohemian_Rhapsody_Brass_part6.mid,6,Brass,100,prototype\data\processed\monophonic_extracted\Queen_-_Bohemian_Rhapsody_Brass_part6.mid,False
Queen_-_Bohemian_Rhapsody.mid,Queen_-_Bohemian_Rhapsody_English_Horn_part7.mid,7,English_Horn,95,prototype\data\processed\monophonic_extracted\Queen_-_Bohemian_Rhapsody_English_Horn_part7.mid,False
Queen_-_Bohemian_Rhapsody.mid,Queen_-_Bohemian_Rhapsody_Electric_Guitar_part8.mid,8,Electric_Guitar,235,prototype\data\processed\monophonic_extracted\Queen_-_Bohemian_Rhapsody_Electric_Guitar_part8.mid,True
Queen_-_Bohemian_Rhapsody.mid,Queen_-_Bohemian_Rhapsody_Electric_Guitar_part9.mid,9,Electric_Guitar,270,prototype\data\processed\monophonic_extracted\Queen_-_Bohemian_Rhapsody_Electric_Guitar_part9.mid,True
Queen_-_Bohemian_Rhapsody.mid,Queen_-_Bohemian_Rhapsody_Sampler_part10.mid,10,Sampler,55,prototype\data\processed\monophonic_extracted\Queen_-_Bohemian_Rhapsody_Sampler_part10.mid,False
Queen_-_Bohemian_Rhapsody.mid,Queen_-_Bohemian_Rhapsody_Percussion_part11.mid,11,Percussion,1000,prototype\data\processed\monophonic_extracted\Queen_-_Bohemian_Rhapsody_Percussion_part11.mid,False
Queen_-_Bohemian_Rhapsody.mid,Queen_-_Bohemian_Rhapsody_Timpani_part12.mid,12,Timpani,102,prototype\data\processed\monophonic_extracted\Queen_-_Bohemian_Rhapsody_Timpani_part12.mid,False
Queen_-_Crazy_Little_Thing_Called_Love.mid,Queen_-_Crazy_Little_Thing_Called_Love_Electric_Bass_part0.mid,0,Electric_Bass,1714,prototype\data\processed\monophonic_extracted\Queen_-_Crazy_Little_Thing_Called_Love_Electric_Bass_part0.mid,False
Queen_-_Father_to_Son.mid,Queen_-_Father_to_Son_Electric_Guitar_part0.mid,0,Electric_Guitar,673,prototype\data\processed\monophonic_extracted\Queen_-_Father_to_Son_Electric_Guitar_part0.mid,True
Queen_-_Father_to_Son.mid,Queen_-_Father_to_Son_Electric_Guitar_part1.mid,1,Electric_Guitar,439,prototype\data\processed\monophonic_extracted\Queen_-_Father_to_Son_Electric_Guitar_part1.mid,True
Queen_-_Father_to_Son.mid,Queen_-_Father_to_Son_A.Guitar_part2.mid,2,A.Guitar,599,prototype\data\processed\monophonic_extracted\Queen_-_Father_to_Son_A.Guitar_part2.mid,True
Queen_-_Father_to_Son.mid,Queen_-_Father_to_Son_Electric_Guitar_part3.mid,3,Electric_Guitar,381,prototype\data\processed\monophonic_extracted\Queen_-_Father_to_Son_Electric_Guitar_part3.mid,True
Queen_-_Father_to_Son.mid,Queen_-_Father_to_Son_Electric_Guitar_part4.mid,4,Electric_Guitar,396,prototype\data\processed\monophonic_extracted\Queen_-_Father_to_Son_Electric_Guitar_part4.mid,True
Queen_-_Father_to_Son.mid,Queen_-_Father_to_Son_Bass_part5.mid,5,Bass,1025,prototype\data\processed\monophonic_extracted\Queen_-_Father_to_Son_Bass_part5.mid,False
Queen_-_Father_to_Son.mid,Queen_-_Father_to_Son_Percussion_part6.mid,6,Percussion,1257,prototype\data\processed\monophonic_extracted\Queen_-_Father_to_Son_Percussion_part6.mid,False
Queen_-_Father_to_Son.mid,Queen_-_Father_to_Son_Sampler_part7.mid,7,Sampler,157,prototype\data\processed\monophonic_extracted\Queen_-_Father_to_Son_Sampler_part7.mid,False
Queen_-_Father_to_Son.mid,Queen_-_Father_to_Son_Sampler_part9.mid,9,Sampler,236,prototype\data\processed\monophonic_extracted\Queen_-_Father_to_Son_Sampler_part9.mid,False
Queen_-_Father_to_Son.mid,Queen_-_Father_to_Son_Voice_part10.mid,10,Voice,221,prototype\data\processed\monophonic_extracted\Queen_-_Father_to_Son_Voice_part10.mid,True
Queen_-_Father_to_Son.mid,Queen_-_Father_to_Son_Choir_part11.mid,11,Choir,68,prototype\data\processed\monophonic_extracted\Queen_-_Father_to_Son_Choir_part11.mid,False
Queen_-_Fat_Bottom_Girls.mid,Queen_-_Fat_Bottom_Girls_Fretless_Bass_part0.mid,0,Fretless_Bass,491,prototype\data\processed\monophonic_extracted\Queen_-_Fat_Bottom_Girls_Fretless_Bass_part0.mid,False
Queen_-_Fat_Bottom_Girls.mid,Queen_-_Fat_Bottom_Girls_Electric_Guitar_part1.mid,1,Electric_Guitar,834,prototype\data\processed\monophonic_extracted\Queen_-_Fat_Bottom_Girls_Electric_Guitar_part1.mid,True
Queen_-_Fat_Bottom_Girls.mid,Queen_-_Fat_Bottom_Girls_Brass_part2.mid,2,Brass,290,prototype\data\processed\monophonic_extracted\Queen_-_Fat_Bottom_Girls_Brass_part2.mid,False
Queen_-_Fat_Bottom_Girls.mid,Queen_-_Fat_Bottom_Girls_Choir_part3.mid,3,Choir,195,prototype\data\processed\monophonic_extracted\Queen_-_Fat_Bottom_Girls_Choir_part3.mid,False
Queen_-_Fat_Bottom_Girls.mid,Queen_-_Fat_Bottom_Girls_Electric_Guitar_part4.mid,4,Electric_Guitar,841,prototype\data\processed\monophonic_extracted\Queen_-_Fat_Bottom_Girls_Electric_Guitar_part4.mid,True
Queen_-_Fat_Bottom_Girls.mid,Queen_-_Fat_Bottom_Girls_Percussion_part5.mid,5,Percussion,528,prototype\data\processed\monophonic_extracted\Queen_-_Fat_Bottom_Girls_Percussion_part5.mid,False
Queen_-_i_want_to_break_free.mid,Queen_-_i_want_to_break_free_Sampler_part0.mid,0,Sampler,283,prototype\data\processed\monophonic_extracted\Queen_-_i_want_to_break_free_Sampler_part0.mid,False
Queen_-_i_want_to_break_free.mid,Queen_-_i_want_to_break_free_Bass_part1.mid,1,Bass,661,prototype\data\processed\monophonic_extracted\Queen_-_i_want_to_break_free_Bass_part1.mid,False
Queen_-_i_want_to_break_free.mid,Queen_-_i_want_to_break_free_Percussion_part2.mid,2,Percussion,757,prototype\data\processed\monophonic_extracted\Queen_-_i_want_to_break_free_Percussion_part2.mid,False
Queen_-_i_want_to_break_free.mid,Queen_-_i_want_to_break_free_Guitar_part3.mid,3,Guitar,704,prototype\data\processed\monophonic_extracted\Queen_-_i_want_to_break_free_Guitar_part3.mid,True
Queen_-_i_want_to_break_free.mid,Queen_-_i_want_to_break_free_Lead_Guitar_part4.mid,4,Lead_Guitar,300,prototype\data\processed\monophonic_extracted\Queen_-_i_want_to_break_free_Lead_Guitar_part4.mid,True
Queen_-_i_want_to_break_free.mid,Queen_-_i_want_to_break_free_Strings_part5.mid,5,Strings,144,prototype\data\processed\monophonic_extracted\Queen_-_i_want_to_break_free_Strings_part5.mid,False
Queen_-_i_want_to_break_free.mid,Queen_-_i_want_to_break_free_Sampler_part6.mid,6,Sampler,82,prototype\data\processed\monophonic_extracted\Queen_-_i_want_to_break_free_Sampler_part6.mid,False
Queen_-_Keep_Yourself_Alive.mid,Queen_-_Keep_Yourself_Alive_Electric_Guitar_part0.mid,0,Electric_Guitar,668,prototype\data\processed\monophonic_extracted\Queen_-_Keep_Yourself_Alive_Electric_Guitar_part0.mid,True
Queen_-_Keep_Yourself_Alive.mid,Queen_-_Keep_Yourself_Alive_Electric_Bass_part1.mid,1,Electric_Bass,385,prototype\data\processed\monophonic_extracted\Queen_-_Keep_Yourself_Alive_Electric_Bass_part1.mid,False
Queen_-_Keep_Yourself_Alive.mid,Queen_-_Keep_Yourself_Alive_Electric_Guitar_part2.mid,2,Electric_Guitar,381,prototype\data\processed\monophonic_extracted\Queen_-_Keep_Yourself_Alive_Electric_Guitar_part2.mid,True
Queen_-_Keep_Yourself_Alive.mid,Queen_-_Keep_Yourself_Alive_Voice_part3.mid,3,Voice,268,prototype\data\processed\monophonic_extracted\Queen_-_Keep_Yourself_Alive_Voice_part3.mid,True
Queen_-_Keep_Yourself_Alive.mid,Queen_-_Keep_Yourself_Alive_Electric_Guitar_part4.mid,4,Electric_Guitar,195,prototype\data\processed\monophonic_extracted\Queen_-_Keep_Yourself_Alive_Electric_Guitar_part4.mid,True
Queen_-_Keep_Yourself_Alive.mid,Queen_-_Keep_Yourself_Alive_Electric_Guitar_part5.mid,5,Electric_Guitar,142,prototype\data\processed\monophonic_extracted\Queen_-_Keep_Yourself_Alive_Electric_Guitar_part5.mid,True
Queen_-_Keep_Yourself_Alive.mid,Queen_-_Keep_Yourself_Alive_Electric_Guitar_part6.mid,6,Electric_Guitar,52,prototype\data\processed\monophonic_extracted\Queen_-_Keep_Yourself_Alive_Electric_Guitar_part6.mid,True
Queen_-_Keep_Yourself_Alive.mid,Queen_-_Keep_Yourself_Alive_Electric_Guitar_part8.mid,8,Electric_Guitar,314,prototype\data\processed\monophonic_extracted\Queen_-_Keep_Yourself_Alive_Electric_Guitar_part8.mid,True
Queen_-_Keep_Yourself_Alive.mid,Queen_-_Keep_Yourself_Alive_Percussion_part9.mid,9,Percussion,1306,prototype\data\processed\monophonic_extracted\Queen_-_Keep_Yourself_Alive_Percussion_part9.mid,False
Queen_-_Keep_Yourself_Alive.mid,Queen_-_Keep_Yourself_Alive_Piano_part10.mid,10,Piano,574,prototype\data\processed\monophonic_extracted\Queen_-_Keep_Yourself_Alive_Piano_part10.mid,True
Queen_-_Keep_Yourself_Alive.mid,Queen_-_Keep_Yourself_Alive_Voice_part11.mid,11,Voice,172,prototype\data\processed\monophonic_extracted\Queen_-_Keep_Yourself_Alive_Voice_part11.mid,True
Queen_-_Keep_Yourself_Alive.mid,Queen_-_Keep_Yourself_Alive_Choir_part12.mid,12,Choir,98,prototype\data\processed\monophonic_extracted\Queen_-_Keep_Yourself_Alive_Choir_part12.mid,False
Queen_-_Keep_Yourself_Alive.mid,Queen_-_Keep_Yourself_Alive_Choir_part13.mid,13,Choir,98,prototype\data\processed\monophonic_extracted\Queen_-_Keep_Yourself_Alive_Choir_part13.mid,False
Queen_-_Killer_Queen.mid,Queen_-_Killer_Queen_Electric_Piano_part0.mid,0,Electric_Piano,1776,prototype\data\processed\monophonic_extracted\Queen_-_Killer_Queen_Electric_Piano_part0.mid,True
Queen_-_Play_the_Game.mid,Queen_-_Play_the_Game_Electric_Bass_part0.mid,0,Electric_Bass,1297,prototype\data\processed\monophonic_extracted\Queen_-_Play_the_Game_Electric_Bass_part0.mid,False
Queen_-_Princes_of_the_Universe.mid,Queen_-_Princes_of_the_Universe_Percussion_part0.mid,0,Percussion,576,prototype\data\processed\monophonic_extracted\Queen_-_Princes_of_the_Universe_Percussion_part0.mid,False
Queen_-_Princes_of_the_Universe.mid,Queen_-_Princes_of_the_Universe_Electric_Bass_part2.mid,2,Electric_Bass,227,prototype\data\processed\monophonic_extracted\Queen_-_Princes_of_the_Universe_Electric_Bass_part2.mid,False
Queen_-_Princes_of_the_Universe.mid,Queen_-_Princes_of_the_Universe_Choir_part3.mid,3,Choir,95,prototype\data\processed\monophonic_extracted\Queen_-_Princes_of_the_Universe_Choir_part3.mid,False
Queen_-_Princes_of_the_Universe.mid,Queen_-_Princes_of_the_Universe_Accordion_part4.mid,4,Accordion,337,prototype\data\processed\monophonic_extracted\Queen_-_Princes_of_the_Universe_Accordion_part4.mid,False
Queen_-_Princes_of_the_Universe.mid,Queen_-_Princes_of_the_Universe_Voice_part5.mid,5,Voice,99,prototype\data\processed\monophonic_extracted\Queen_-_Princes_of_the_Universe_Voice_part5.mid,True
Queen_-_Princes_of_the_Universe.mid,Queen_-_Princes_of_the_Universe_Electric_Guitar_part6.mid,6,Electric_Guitar,213,prototype\data\processed\monophonic_extracted\Queen_-_Princes_of_the_Universe_Electric_Guitar_part6.mid,True
Queen_-_Princes_of_the_Universe.mid,Queen_-_Princes_of_the_Universe_Electric_Guitar_part7.mid,7,Electric_Guitar,170,prototype\data\processed\monophonic_extracted\Queen_-_Princes_of_the_Universe_Electric_Guitar_part7.mid,True
Queen_-_Princes_of_the_Universe.mid,Queen_-_Princes_of_the_Universe_Electric_Guitar_part8.mid,8,Electric_Guitar,160,prototype\data\processed\monophonic_extracted\Queen_-_Princes_of_the_Universe_Electric_Guitar_part8.mid,True
Queen_-_Princes_of_the_Universe.mid,Queen_-_Princes_of_the_Universe_Sampler_part10.mid,10,Sampler,113,prototype\data\processed\monophonic_extracted\Queen_-_Princes_of_the_Universe_Sampler_part10.mid,False
Queen_-_Too_Much_Love_Will_Kill_You.mid,Queen_-_Too_Much_Love_Will_Kill_You_Sampler_part0.mid,0,Sampler,358,prototype\data\processed\monophonic_extracted\Queen_-_Too_Much_Love_Will_Kill_You_Sampler_part0.mid,False
Queen_-_Too_Much_Love_Will_Kill_You.mid,Queen_-_Too_Much_Love_Will_Kill_You_Voice_part1.mid,1,Voice,358,prototype\data\processed\monophonic_extracted\Queen_-_Too_Much_Love_Will_Kill_You_Voice_part1.mid,True
Queen_-_Too_Much_Love_Will_Kill_You.mid,Queen_-_Too_Much_Love_Will_Kill_You_Piano_part2.mid,2,Piano,795,prototype\data\processed\monophonic_extracted\Queen_-_Too_Much_Love_Will_Kill_You_Piano_part2.mid,True
Queen_-_Too_Much_Love_Will_Kill_You.mid,Queen_-_Too_Much_Love_Will_Kill_You_Acous_Bas_part3.mid,3,Acous_Bas,104,prototype\data\processed\monophonic_extracted\Queen_-_Too_Much_Love_Will_Kill_You_Acous_Bas_part3.mid,False
Queen_-_Too_Much_Love_Will_Kill_You.mid,Queen_-_Too_Much_Love_Will_Kill_You_Strings_part5.mid,5,Strings,95,prototype\data\processed\monophonic_extracted\Queen_-_Too_Much_Love_Will_Kill_You_Strings_part5.mid,False
Queen_-_Too_Much_Love_Will_Kill_You.mid,Queen_-_Too_Much_Love_Will_Kill_You_Strings_2_part6.mid,6,Strings_2,79,prototype\data\processed\monophonic_extracted\Queen_-_Too_Much_Love_Will_Kill_You_Strings_2_part6.mid,False
Queen_-_Too_Much_Love_Will_Kill_You.mid,Queen_-_Too_Much_Love_Will_Kill_You_Strings_3_part7.mid,7,Strings_3,62,prototype\data\processed\monophonic_extracted\Queen_-_Too_Much_Love_Will_Kill_You_Strings_3_part7.mid,False
Queen_-_Too_Much_Love_Will_Kill_You.mid,Queen_-_Too_Much_Love_Will_Kill_You_Acoustic_Guitar_part9.mid,9,Acoustic_Guitar,108,prototype\data\processed\monophonic_extracted\Queen_-_Too_Much_Love_Will_Kill_You_Acoustic_Guitar_part9.mid,True
Queen_-_Under_Pressure.mid,Queen_-_Under_Pressure_Electric_Guitar_part1.mid,1,Electric_Guitar,79,prototype\data\processed\monophonic_extracted\Queen_-_Under_Pressure_Electric_Guitar_part1.mid,True
Queen_-_Under_Pressure.mid,Queen_-_Under_Pressure_Electric_Guitar_part2.mid,2,Electric_Guitar,404,prototype\data\processed\monophonic_extracted\Queen_-_Under_Pressure_Electric_Guitar_part2.mid,True
Queen_-_Under_Pressure.mid,Queen_-_Under_Pressure_Electric_Guitar_part3.mid,3,Electric_Guitar,388,prototype\data\processed\monophonic_extracted\Queen_-_Under_Pressure_Electric_Guitar_part3.mid,True
Queen_-_Under_Pressure.mid,Queen_-_Under_Pressure_Koto_part4.mid,4,Koto,60,prototype\data\processed\monophonic_extracted\Queen_-_Under_Pressure_Koto_part4.mid,False
Queen_-_Under_Pressure.mid,Queen_-_Under_Pressure_Piano_part7.mid,7,Piano,485,prototype\data\processed\monophonic_extracted\Queen_-_Under_Pressure_Piano_part7.mid,True
Queen_-_Under_Pressure.mid,Queen_-_Under_Pressure_Piano_part8.mid,8,Piano,547,prototype\data\processed\monophonic_extracted\Queen_-_Under_Pressure_Piano_part8.mid,True
Queen_-_Under_Pressure.mid,Queen_-_Under_Pressure_Electric_Bass_part9.mid,9,Electric_Bass,693,prototype\data\processed\monophonic_extracted\Queen_-_Under_Pressure_Electric_Bass_part9.mid,False
Queen_-_Under_Pressure.mid,Queen_-_Under_Pressure_part_11_part11.mid,11,part_11,65,prototype\data\processed\monophonic_extracted\Queen_-_Under_Pressure_part_11_part11.mid,False
Queen_-_Under_Pressure.mid,Queen_-_Under_Pressure_part_12_part12.mid,12,part_12,564,prototype\data\processed\monophonic_extracted\Queen_-_Under_Pressure_part_12_part12.mid,False
Queen_-_Under_Pressure.mid,Queen_-_Under_Pressure_part_13_part13.mid,13,part_13,95,prototype\data\processed\monophonic_extracted\Queen_-_Under_Pressure_part_13_part13.mid,False
Queen_-_Under_Pressure.mid,Queen_-_Under_Pressure_part_14_part14.mid,14,part_14,168,prototype\data\processed\monophonic_extracted\Queen_-_Under_Pressure_part_14_part14.mid,False
Queen_-_Under_Pressure.mid,Queen_-_Under_Pressure_part_15_part15.mid,15,part_15,294,prototype\data\processed\monophonic_extracted\Queen_-_Under_Pressure_part_15_part15.mid,False
Queen_-_Under_Pressure.mid,Queen_-_Under_Pressure_part_16_part16.mid,16,part_16,58,prototype\data\processed\monophonic_extracted\Queen_-_Under_Pressure_part_16_part16.mid,False
Queen_-_We_Are_The_Champions.mid,Queen_-_We_Are_The_Champions_Piano_part0.mid,0,Piano,1338,prototype\data\processed\monophonic_extracted\Queen_-_We_Are_The_Champions_Piano_part0.mid,True
Queen_-_You're_My_Best_Friend.mid,Queen_-_You're_My_Best_Friend_Electric_Bass_part0.mid,0,Electric_Bass,1609,prototype\data\processed\monophonic_extracted\Queen_-_You're_My_Best_Friend_Electric_Bass_part0.mid,False
Rage_Against_the_Machine_-_Bullet_in_the_Head.mid,Rage_Against_the_Machine_-_Bullet_in_the_Head_Electric_Guitar_part0.mid,0,Electric_Guitar,916,prototype\data\processed\monophonic_extracted\Rage_Against_the_Machine_-_Bullet_in_the_Head_Electric_Guitar_part0.mid,True
Rage_Against_the_Machine_-_Bullet_in_the_Head.mid,Rage_Against_the_Machine_-_Bullet_in_the_Head_Electric_Bass_part1.mid,1,Electric_Bass,1189,prototype\data\processed\monophonic_extracted\Rage_Against_the_Machine_-_Bullet_in_the_Head_Electric_Bass_part1.mid,False
Rage_Against_the_Machine_-_Bullet_in_the_Head.mid,Rage_Against_the_Machine_-_Bullet_in_the_Head_Percussion_part2.mid,2,Percussion,1377,prototype\data\processed\monophonic_extracted\Rage_Against_the_Machine_-_Bullet_in_the_Head_Percussion_part2.mid,False
Rage_Against_the_Machine_-_Bulls_On_Parade.mid,Rage_Against_the_Machine_-_Bulls_On_Parade_Electric_Guitar_part0.mid,0,Electric_Guitar,368,prototype\data\processed\monophonic_extracted\Rage_Against_the_Machine_-_Bulls_On_Parade_Electric_Guitar_part0.mid,True
Rage_Against_the_Machine_-_Bulls_On_Parade.mid,Rage_Against_the_Machine_-_Bulls_On_Parade_Electric_Guitar_part1.mid,1,Electric_Guitar,96,prototype\data\processed\monophonic_extracted\Rage_Against_the_Machine_-_Bulls_On_Parade_Electric_Guitar_part1.mid,True
Rage_Against_the_Machine_-_Bulls_On_Parade.mid,Rage_Against_the_Machine_-_Bulls_On_Parade_Electric_Guitar_part2.mid,2,Electric_Guitar,192,prototype\data\processed\monophonic_extracted\Rage_Against_the_Machine_-_Bulls_On_Parade_Electric_Guitar_part2.mid,True
Rage_Against_the_Machine_-_Bulls_On_Parade.mid,Rage_Against_the_Machine_-_Bulls_On_Parade_Electric_Guitar_part3.mid,3,Electric_Guitar,64,prototype\data\processed\monophonic_extracted\Rage_Against_the_Machine_-_Bulls_On_Parade_Electric_Guitar_part3.mid,True
Rage_Against_the_Machine_-_Bulls_On_Parade.mid,Rage_Against_the_Machine_-_Bulls_On_Parade_Electric_Guitar_part4.mid,4,Electric_Guitar,128,prototype\data\processed\monophonic_extracted\Rage_Against_the_Machine_-_Bulls_On_Parade_Electric_Guitar_part4.mid,True
Rage_Against_the_Machine_-_Bulls_On_Parade.mid,Rage_Against_the_Machine_-_Bulls_On_Parade_Electric_Bass_part5.mid,5,Electric_Bass,552,prototype\data\processed\monophonic_extracted\Rage_Against_the_Machine_-_Bulls_On_Parade_Electric_Bass_part5.mid,False
Rage_Against_the_Machine_-_Bulls_On_Parade.mid,Rage_Against_the_Machine_-_Bulls_On_Parade_part_6_part6.mid,6,part_6,676,prototype\data\processed\monophonic_extracted\Rage_Against_the_Machine_-_Bulls_On_Parade_part_6_part6.mid,False
Rage_Against_the_Machine_-_Killing_in_the_Name_Of.mid,Rage_Against_the_Machine_-_Killing_in_the_Name_Of_Percussion_part0.mid,0,Percussion,1131,prototype\data\processed\monophonic_extracted\Rage_Against_the_Machine_-_Killing_in_the_Name_Of_Percussion_part0.mid,False
Rage_Against_the_Machine_-_Killing_in_the_Name_Of.mid,Rage_Against_the_Machine_-_Killing_in_the_Name_Of_Electric_Bass_part1.mid,1,Electric_Bass,930,prototype\data\processed\monophonic_extracted\Rage_Against_the_Machine_-_Killing_in_the_Name_Of_Electric_Bass_part1.mid,False
Rage_Against_the_Machine_-_Killing_in_the_Name_Of.mid,Rage_Against_the_Machine_-_Killing_in_the_Name_Of_Electric_Guitar_part2.mid,2,Electric_Guitar,418,prototype\data\processed\monophonic_extracted\Rage_Against_the_Machine_-_Killing_in_the_Name_Of_Electric_Guitar_part2.mid,True
Rage_Against_the_Machine_-_Killing_in_the_Name_Of.mid,Rage_Against_the_Machine_-_Killing_in_the_Name_Of_Electric_Guitar_part3.mid,3,Electric_Guitar,919,prototype\data\processed\monophonic_extracted\Rage_Against_the_Machine_-_Killing_in_the_Name_Of_Electric_Guitar_part3.mid,True
Rage_Against_the_Machine_-_Killing_in_the_Name_Of.mid,Rage_Against_the_Machine_-_Killing_in_the_Name_Of_Electric_Guitar_part4.mid,4,Electric_Guitar,99,prototype\data\processed\monophonic_extracted\Rage_Against_the_Machine_-_Killing_in_the_Name_Of_Electric_Guitar_part4.mid,True
Rage_Against_the_Machine_-_Know_Your_Enemy.mid,Rage_Against_the_Machine_-_Know_Your_Enemy_Electric_Guitar_part0.mid,0,Electric_Guitar,192,prototype\data\processed\monophonic_extracted\Rage_Against_the_Machine_-_Know_Your_Enemy_Electric_Guitar_part0.mid,True
Rage_Against_the_Machine_-_Know_Your_Enemy.mid,Rage_Against_the_Machine_-_Know_Your_Enemy_Electric_Guitar_part1.mid,1,Electric_Guitar,632,prototype\data\processed\monophonic_extracted\Rage_Against_the_Machine_-_Know_Your_Enemy_Electric_Guitar_part1.mid,True
Rage_Against_the_Machine_-_Know_Your_Enemy.mid,Rage_Against_the_Machine_-_Know_Your_Enemy_Electric_Guitar_part2.mid,2,Electric_Guitar,550,prototype\data\processed\monophonic_extracted\Rage_Against_the_Machine_-_Know_Your_Enemy_Electric_Guitar_part2.mid,True
Rage_Against_the_Machine_-_Know_Your_Enemy.mid,Rage_Against_the_Machine_-_Know_Your_Enemy_Electric_Guitar_part5.mid,5,Electric_Guitar,120,prototype\data\processed\monophonic_extracted\Rage_Against_the_Machine_-_Know_Your_Enemy_Electric_Guitar_part5.mid,True
Rage_Against_the_Machine_-_Know_Your_Enemy.mid,Rage_Against_the_Machine_-_Know_Your_Enemy_Electric_Bass_part6.mid,6,Electric_Bass,675,prototype\data\processed\monophonic_extracted\Rage_Against_the_Machine_-_Know_Your_Enemy_Electric_Bass_part6.mid,False
Rage_Against_the_Machine_-_Know_Your_Enemy.mid,Rage_Against_the_Machine_-_Know_Your_Enemy_Percussion_part7.mid,7,Percussion,921,prototype\data\processed\monophonic_extracted\Rage_Against_the_Machine_-_Know_Your_Enemy_Percussion_part7.mid,False
Rage_Against_the_Machine_-_People_of_the_Sun.mid,Rage_Against_the_Machine_-_People_of_the_Sun_Guitar_part0.mid,0,Guitar,665,prototype\data\processed\monophonic_extracted\Rage_Against_the_Machine_-_People_of_the_Sun_Guitar_part0.mid,True
Rage_Against_the_Machine_-_People_of_the_Sun.mid,Rage_Against_the_Machine_-_People_of_the_Sun_Guitar_doubled_part1.mid,1,Guitar_doubled,55,prototype\data\processed\monophonic_extracted\Rage_Against_the_Machine_-_People_of_the_Sun_Guitar_doubled_part1.mid,True
Rage_Against_the_Machine_-_People_of_the_Sun.mid,Rage_Against_the_Machine_-_People_of_the_Sun_Chorus_guitar_part2.mid,2,Chorus_guitar,336,prototype\data\processed\monophonic_extracted\Rage_Against_the_Machine_-_People_of_the_Sun_Chorus_guitar_part2.mid,True
Rage_Against_the_Machine_-_People_of_the_Sun.mid,Rage_Against_the_Machine_-_People_of_the_Sun_Bass_part3.mid,3,Bass,431,prototype\data\processed\monophonic_extracted\Rage_Against_the_Machine_-_People_of_the_Sun_Bass_part3.mid,False
Rage_Against_the_Machine_-_People_of_the_Sun.mid,Rage_Against_the_Machine_-_People_of_the_Sun_Percussion_part4.mid,4,Percussion,599,prototype\data\processed\monophonic_extracted\Rage_Against_the_Machine_-_People_of_the_Sun_Percussion_part4.mid,False
Rage_Against_the_Machine_-_Wind_Below.mid,Rage_Against_the_Machine_-_Wind_Below_Electric_Guitar_part0.mid,0,Electric_Guitar,1455,prototype\data\processed\monophonic_extracted\Rage_Against_the_Machine_-_Wind_Below_Electric_Guitar_part0.mid,True
Rage_Against_the_Machine_-_Wind_Below.mid,Rage_Against_the_Machine_-_Wind_Below_Electric_Bass_part1.mid,1,Electric_Bass,920,prototype\data\processed\monophonic_extracted\Rage_Against_the_Machine_-_Wind_Below_Electric_Bass_part1.mid,False
Rage_Against_the_Machine_-_Wind_Below.mid,Rage_Against_the_Machine_-_Wind_Below_Percussion_part2.mid,2,Percussion,998,prototype\data\processed\monophonic_extracted\Rage_Against_the_Machine_-_Wind_Below_Percussion_part2.mid,False
Rage_Against_the_Machine_-_Year_of_the_Boomerang.mid,Rage_Against_the_Machine_-_Year_of_the_Boomerang_Electric_Guitar_part0.mid,0,Electric_Guitar,417,prototype\data\processed\monophonic_extracted\Rage_Against_the_Machine_-_Year_of_the_Boomerang_Electric_Guitar_part0.mid,True
Rage_Against_the_Machine_-_Year_of_the_Boomerang.mid,Rage_Against_the_Machine_-_Year_of_the_Boomerang_Electric_Bass_part1.mid,1,Electric_Bass,674,prototype\data\processed\monophonic_extracted\Rage_Against_the_Machine_-_Year_of_the_Boomerang_Electric_Bass_part1.mid,False
Rage_Against_the_Machine_-_Year_of_the_Boomerang.mid,Rage_Against_the_Machine_-_Year_of_the_Boomerang_Electric_Guitar_part2.mid,2,Electric_Guitar,704,prototype\data\processed\monophonic_extracted\Rage_Against_the_Machine_-_Year_of_the_Boomerang_Electric_Guitar_part2.mid,True
Rage_Against_the_Machine_-_Year_of_the_Boomerang.mid,Rage_Against_the_Machine_-_Year_of_the_Boomerang_Percussion_part3.mid,3,Percussion,941,prototype\data\processed\monophonic_extracted\Rage_Against_the_Machine_-_Year_of_the_Boomerang_Percussion_part3.mid,False
Rage_Against_the_Machine_-_Year_of_the_Boomerang.mid,Rage_Against_the_Machine_-_Year_of_the_Boomerang_Electric_Guitar_part4.mid,4,Electric_Guitar,54,prototype\data\processed\monophonic_extracted\Rage_Against_the_Machine_-_Year_of_the_Boomerang_Electric_Guitar_part4.mid,True
The_Living_Tombstone_-_Five_Nights_at_Freddy's_2_Song_(It's_Been_so_long).mid,The_Living_Tombstone_-_Five_Nights_at_Freddy's_2_Song_(It's_Been_so_long)_Piano_part0.mid,0,Piano,555,prototype\data\processed\monophonic_extracted\The_Living_Tombstone_-_Five_Nights_at_Freddy's_2_Song_(It's_Been_so_long)_Piano_part0.mid,True
The_Living_Tombstone_-_Five_Nights_at_Freddy's_2_Song_(It's_Been_so_long).mid,The_Living_Tombstone_-_Five_Nights_at_Freddy's_2_Song_(It's_Been_so_long)_Piano_part1.mid,1,Piano,365,prototype\data\processed\monophonic_extracted\The_Living_Tombstone_-_Five_Nights_at_Freddy's_2_Song_(It's_Been_so_long)_Piano_part1.mid,True
